[{"JavaScript":3152},{"Groovy":74},{"Java":1310},{"Erlang":36},{"C++":911},{"PHP":816},{"Ruby":1319},{"C":970},{"Python":1630},{"Shell":1973},{"Vim script":86},{"Scheme":35},{"C#":441},{"Emacs Lisp":53},{"ActionScript":53},{"Objective-C":538},{"Visual Basic":70},{"Perl":270},{"Lua":117},{"Haxe":5},{"Common Lisp":40},{"Haskell":84},{"Prolog":59},{"TeX":106},{"Assembly":173},{"ColdFusion":8},{"OCaml":39},{"CoffeeScript":138},{"Go":331},{"Verilog":15},{"Scala":101},{"Rust":79},{"Clojure":52},{"ASP":80},{"Ada":14},{"Tcl":34},{"Arduino":39},{"Pascal":49},{"Fortran":35},{"D":37},{"MATLAB":66},{"PowerShell":129},{"Io":10},{"Puppet":12},{"Gosu":1},{"SuperCollider":6},{"Racket":31},{"Standard ML":30},{"CSS":2105},{"Kit":1},{"CMake":181},{"GLSL":55},{"HTML":2540},{"Batchfile":381},{"TypeScript":294},{"Smalltalk":33},{"PLpgSQL":39},{"Dockerfile":387},{"SQLPL":21},{"Elixir":23},{"Roff":85},{"Meson":13},{"Makefile":733},{"Julia":24},{"Logos":7},{"Kotlin":101},{"ShaderLab":16},{"HLSL":17},{"Vue":107},{"Nix":6},{"Mask":3},{"GAP":12},{"Objective-C++":54},{"NSIS":24},{"sed":13},{"PureBasic":6},{"Processing":23},{"Awk":31},{"QMake":51},{"Swift":188},{"Cuda":31},{"Hack":42},{"OpenSCAD":3},{"M4":64},{"Lex":32},{"AppleScript":7},{"Perl 6":32},{"Inno Setup":19},{"Yacc":38},{"R":118},{"Solidity":3},{"AutoHotkey":9},{"F#":23},{"Crystal":14},{"Mathematica":14},{"Smarty":55},{"RPC":2},{"M":14},{"Jupyter Notebook":196},{"Xtend":3},{"Mako":15},{"QML":12},{"WebAssembly":5},{"PostScript":14},{"XS":12},{"Module Management System":4},{"NewLisp":5},{"SystemVerilog":3},{"DIGITAL Command Language":11},{"IDL":9},{"Stan":5},{"Gherkin":38},{"HCL":13},{"q":3},{"PLSQL":30},{"GDScript":2},{"FreeMarker":15},{"GDB":12},{"BitBake":2},{"Dart":21},{"VHDL":13},{"Stata":3},{"XSLT":68},{"SaltStack":2},{"Elm":12},{"RenderScript":9},{"SourcePawn":17},{"AngelScript":7},{"AutoIt":2},{"Coq":9},{"MAXScript":3},{"LabVIEW":3},{"RobotFramework":2},{"Component Pascal":3},{"VCL":6},{"Augeas":1},{"Nim":13},{"Vala":8},{"Liquid":6},{"DTrace":9},{"OpenEdge ABL":8},{"Groff":12},{"Arc":1},{"Ragel in Ruby Host":3},{"Nu":7},{"ApacheConf":48},{"Protocol Buffer":5},{"AMPL":5},{"LLVM":8},{"Objective-J":5},{"KiCad Layout":1},{"Nginx":5},{"Volt":1},{"Scilab":5},{"UnrealScript":7},{"FLUX":2},{"GCC Machine Description":2},{"Handlebars":3},{"Mercury":5},{"Ragel":3},{"LiveScript":3},{"Mirah":1},{"Cool":1},{"Forth":8},{"Thrift":3},{"ANTLR":11},{"SAS":5},{"POV-Ray SDL":3},{"Pawn":5},{"Logtalk":2},{"MQL5":1},{"MQL4":1},{"Squirrel":1},{"Game Maker Language":2},{"Isabelle":2},{"Terra":1},{"PureScript":4},{"COBOL":8},{"Modelica":1},{"Click":1},{"Clean":4},{"XML":3},{"Bison":3},{"Factor":3},{"Monkey":2},{"Limbo":3},{"1C Enterprise":2},{"Jasmin":2},{"Brainfuck":13},{"Self":1},{"Metal":3},{"Pony":2},{"SQF":2},{"Rascal":2},{"Ceylon":2},{"Apex":1},{"Agda":2},{"PigLatin":3},{"Oz":1},{"ATS":1},{"ChucK":1},{"REXX":2},{"Fantom":1},{"PicoLisp":1},{"Hy":1},{"JSONiq":2},{"Gnuplot":2},{"API Blueprint":1},{"Rebol":6},{"Ring":1},{"eC":2},{"XQuery":3},{"Ballerina":2},{"xBase":2},{"Max":1},{"Csound":1},{"Pike":1},{"LOLCODE":2},{"YASnippet":1},{"Red":1},{"RAML":3},{"CWeb":1},{"E":2},{"BlitzBasic":1},{"LFE":2},{"Nearley":1},{"Slice":1},{"Common Workflow Language":1},{"Idris":2},{"Boo":1},{"HyPhy":1},{"Cap'n Proto":2},{"Lean":1},{"Chapel":1},{"IGOR Pro":1},{"Brightscript":1},{"Smali":1},{"Turing":1}]